frac_gal_q05,frac_gal_q50,frac_gal_q95,frac_pal_q05,frac_pal_q50,frac_pal_q95
0.368911522171564,0.421513328655272,0.4672317036906,0,0,0
