red_newE_gal_q50,red_newE_gal_q05,red_newE_gal_q95,red_newE_pal_q50,red_newE_pal_q05,red_newE_pal_q95,red_newD_gal_q50,red_newD_gal_q05,red_newD_gal_q95,red_newD_pal_q50,red_newD_pal_q05,red_newD_pal_q95
0.376476400747271,0.2918410041841,0.497278911564626,0.051390625,-0.101733954451346,0.143596390168971,0.337003717472119,0.223458924887756,0.446371951219512,0.060561694759892,-0.0848944930519815,0.174458874458874
